*PID**,GEO asscession number**,lymph node status**,time to relapse or last follow-up (months)**,relapse (1=True)**,ER Status**,"Brain relapses (1=yes, 0=no)"
3,GSM36793,negative,101,0,ER-,0
5,GSM36796,negative,118,0,ER+,0
6,GSM36797,negative,9,1,ER-,0
7,GSM36798,negative,106,0,ER-,0
8,GSM36800,negative,37,1,ER-,0
9,GSM36801,negative,125,0,ER+,0
11,GSM36834,negative,109,0,ER+,0
14,GSM36835,negative,14,1,ER-,0
15,GSM36836,negative,99,0,ER+,0
17,GSM36837,negative,137,0,ER+,0
18,GSM36838,negative,34,1,ER+,0
19,GSM36839,negative,32,1,ER+,0
20,GSM36855,negative,128,0,ER-,0
21,GSM36858,negative,14,1,ER+,0
22,GSM36859,negative,130,0,ER+,0
27,GSM36860,negative,30,1,ER+,0
28,GSM36861,negative,155,0,ER+,0
29,GSM36862,negative,25,1,ER-,0
31,GSM36870,negative,30,1,ER+,0
32,GSM36871,negative,84,0,ER+,0
33,GSM36872,negative,7,1,ER+,0
34,GSM36873,negative,100,0,ER+,0
35,GSM36874,negative,30,1,ER+,0
37,GSM36875,negative,7,1,ER-,1
38,GSM36876,negative,133,0,ER-,0
39,GSM36877,negative,43,1,ER+,1
40,GSM36896,negative,102,0,ER+,0
41,GSM36897,negative,25,1,ER+,0
44,GSM36899,negative,169,0,ER+,0
46,GSM36900,negative,109,0,ER+,0
48,GSM36901,negative,101,0,ER+,0
49,GSM36902,negative,28,1,ER+,1
50,GSM36916,negative,125,0,ER+,0
54,GSM36917,negative,144,0,ER+,0
55,GSM36918,negative,11,1,ER-,0
56,GSM36919,negative,153,0,ER+,0
57,GSM36920,negative,20,1,ER+,0
61,GSM36937,negative,11,1,ER-,0
62,GSM36938,negative,108,0,ER+,0
63,GSM36939,negative,14,1,ER+,0
64,GSM36940,negative,134,0,ER-,0
65,GSM36941,negative,9,1,ER-,0
66,GSM36942,negative,152,0,ER+,0
67,GSM36943,negative,19,1,ER+,0
68,GSM36944,negative,112,0,ER+,0
70,GSM36962,negative,114,0,ER+,0
71,GSM36964,negative,12,1,ER-,1
72,GSM36965,negative,134,0,ER+,0
74,GSM36966,negative,90,0,ER-,0
75,GSM36967,negative,15,1,ER+,0
78,GSM36968,negative,152,0,ER-,0
79,GSM36969,negative,32,1,ER-,0
80,GSM36987,negative,97,0,ER+,0
81,GSM36989,negative,11,1,ER+,0
82,GSM36990,negative,143,0,ER+,0
84,GSM36991,negative,114,0,ER-,0
86,GSM36992,negative,104,0,ER+,0
88,GSM36993,negative,98,0,ER+,0
89,GSM36994,negative,2,1,ER+,0
90,GSM37017,negative,108,0,ER-,0
91,GSM37018,negative,20,1,ER+,1
92,GSM37019,negative,146,0,ER+,0
93,GSM37020,negative,48,1,ER-,0
94,GSM37021,negative,109,0,ER-,0
96,GSM37022,negative,30,1,ER-,0
98,GSM37023,negative,14,1,ER-,0
99,GSM37025,negative,107,0,ER+,0
100,GSM36879,negative,39,1,ER-,0
103,GSM36880,negative,97,0,ER+,0
104,GSM36881,negative,11,1,ER+,0
105,GSM36882,negative,99,0,ER+,0
106,GSM36885,negative,40,1,ER+,0
107,GSM36886,negative,94,0,ER-,0
108,GSM36888,negative,28,1,ER+,0
109,GSM36891,negative,87,0,ER-,0
110,GSM36903,negative,8,1,ER+,0
111,GSM36904,negative,98,0,ER-,0
112,GSM36905,negative,17,1,ER-,0
113,GSM36906,negative,101,0,ER-,0
114,GSM36907,negative,86,0,ER+,0
115,GSM36908,negative,15,1,ER+,0
118,GSM36909,negative,95,0,ER-,0
121,GSM36923,negative,23,1,ER-,0
122,GSM36925,negative,104,0,ER+,0
124,GSM36927,negative,8,1,ER+,0
125,GSM36929,negative,93,0,ER+,0
126,GSM36931,negative,37,1,ER+,1
130,GSM36946,negative,26,1,ER+,0
133,GSM36948,negative,87,0,ER+,0
134,GSM36950,negative,28,1,ER+,0
135,GSM36953,negative,84,0,ER-,0
136,GSM36955,negative,25,1,ER-,0
137,GSM36956,negative,32,1,ER+,0
138,GSM36957,negative,47,1,ER+,0
139,GSM36958,negative,111,0,ER+,0
140,GSM36971,negative,19,1,ER+,0
141,GSM36973,negative,25,1,ER+,0
200,GSM36921,negative,108,0,ER+,0
201,GSM36922,negative,113,0,ER+,0
203,GSM36924,negative,29,1,ER+,0
204,GSM36926,negative,24,1,ER-,0
205,GSM36928,negative,23,1,ER+,0
212,GSM36898,negative,7,1,ER+,0
213,GSM36947,negative,16,1,ER+,0
215,GSM36949,negative,6,1,ER-,0
216,GSM36952,negative,13,1,ER-,0
217,GSM36954,negative,19,1,ER+,0
222,GSM36972,negative,37,1,ER+,0
223,GSM36974,negative,23,1,ER+,0
226,GSM36976,negative,38,1,ER+,0
230,GSM36996,negative,24,1,ER+,0
231,GSM36997,negative,44,1,ER+,1
233,GSM36998,negative,5,1,ER+,0
234,GSM36999,negative,37,1,ER+,0
235,GSM37001,negative,33,1,ER+,0
236,GSM37002,negative,16,1,ER-,1
237,GSM37003,negative,19,1,ER+,0
239,GSM37004,negative,35,1,ER+,0
240,GSM37026,negative,36,1,ER+,0
241,GSM37027,negative,17,1,ER+,0
244,GSM37028,negative,39,1,ER+,0
246,GSM37029,negative,47,1,ER+,0
247,GSM37030,negative,44,1,ER+,0
249,GSM37031,negative,18,1,ER+,0
250,GSM37035,negative,14,1,ER+,0
252,GSM37036,negative,15,1,ER+,0
253,GSM37037,negative,19,1,ER+,0
254,GSM37039,negative,48,1,ER+,0
255,GSM37040,negative,6,1,ER-,1
258,GSM37041,negative,9,1,ER+,0
259,GSM37042,negative,14,1,ER-,0
260,GSM37049,negative,29,1,ER-,0
261,GSM37050,negative,18,1,ER-,0
262,GSM37051,negative,18,1,ER+,0
263,GSM37052,negative,32,1,ER-,0
264,GSM37053,negative,33,1,ER-,0
265,GSM37054,negative,66,0,ER-,0
267,GSM37055,negative,59,0,ER-,0
268,GSM37056,negative,82,0,ER-,0
270,GSM37057,negative,59,0,ER+,0
271,GSM37058,negative,64,1,ER+,0
272,GSM37059,negative,83,0,ER+,0
273,GSM37060,negative,81,0,ER+,0
275,GSM37061,negative,105,0,ER-,0
276,GSM37062,negative,54,0,ER+,0
277,GSM36777,negative,79,0,ER+,0
278,GSM36778,negative,50,1,ER+,0
284,GSM36787,negative,72,0,ER+,0
285,GSM36789,negative,51,1,ER+,0
286,GSM36790,negative,107,0,ER+,0
287,GSM36791,negative,79,0,ER-,0
288,GSM36792,negative,71,1,ER+,0
290,GSM36805,negative,100,0,ER+,0
292,GSM36808,negative,58,0,ER-,0
293,GSM36809,negative,56,0,ER-,0
416,GSM37038,negative,60,1,ER+,0
540,GSM36813,negative,49,1,ER+,0
546,GSM36818,negative,62,1,ER+,0
550,GSM36826,negative,58,1,ER+,0
600,GSM36782,negative,66,0,ER+,0
601,GSM36783,negative,52,0,ER+,0
602,GSM36784,negative,57,1,ER+,0
605,GSM36785,negative,57,0,ER+,0
606,GSM36786,negative,66,0,ER+,0
609,GSM36788,negative,79,0,ER-,0
611,GSM36799,negative,75,0,ER+,0
612,GSM36802,negative,92,0,ER+,0
613,GSM36803,negative,93,0,ER+,0
614,GSM36804,negative,88,0,ER+,0
615,GSM36806,negative,92,0,ER+,0
616,GSM36807,negative,88,0,ER+,0
620,GSM36811,negative,62,1,ER+,0
621,GSM36812,negative,80,0,ER-,0
625,GSM36815,negative,72,1,ER+,0
627,GSM36817,negative,113,0,ER+,0
629,GSM36819,negative,131,0,ER+,0
630,GSM36823,negative,119,0,ER+,0
631,GSM36825,negative,99,0,ER+,0
633,GSM36828,negative,76,0,ER-,0
634,GSM36830,negative,117,0,ER+,0
635,GSM36832,negative,119,0,ER+,0
637,GSM36833,negative,54,0,ER-,0
640,GSM36842,negative,81,0,ER+,0
641,GSM36843,negative,77,0,ER+,0
642,GSM36845,negative,54,0,ER+,0
646,GSM36851,negative,100,0,ER+,0
647,GSM36854,negative,105,0,ER-,0
648,GSM36857,negative,95,0,ER+,0
696,GSM36960,negative,51,1,ER+,1
698,GSM36963,negative,60,0,ER+,0
703,GSM36814,negative,61,1,ER+,0
707,GSM36816,negative,98,0,ER-,0
710,GSM36822,negative,50,0,ER-,0
712,GSM36824,negative,86,0,ER+,0
713,GSM36827,negative,156,0,ER-,0
714,GSM36829,negative,157,0,ER+,0
716,GSM36831,negative,87,0,ER+,0
726,GSM36848,negative,105,0,ER+,0
727,GSM36850,negative,121,0,ER+,0
728,GSM36853,negative,105,0,ER+,0
729,GSM36856,negative,86,0,ER+,0
737,GSM36868,negative,123,0,ER+,0
738,GSM36869,negative,126,0,ER+,0
741,GSM36893,negative,124,0,ER+,0
747,GSM36895,negative,96,0,ER+,0
749,GSM36820,negative,141,0,ER+,0
751,GSM36910,negative,125,0,ER+,0
754,GSM36913,negative,109,0,ER+,0
760,GSM36878,negative,98,0,ER+,0
762,GSM36970,negative,116,0,ER+,0
763,GSM36934,negative,171,0,ER+,0
765,GSM36781,negative,147,0,ER+,0
767,GSM36841,negative,134,0,ER+,0
768,GSM36884,negative,129,0,ER+,0
769,GSM36930,negative,84,0,ER+,0
772,GSM37047,negative,108,0,ER+,0
774,GSM36959,negative,120,0,ER-,0
777,GSM36961,negative,153,0,ER-,0
778,GSM36951,negative,104,0,ER+,0
779,GSM37000,negative,137,0,ER+,0
780,GSM36977,negative,124,0,ER-,0
782,GSM36978,negative,148,0,ER-,0
783,GSM36980,negative,122,0,ER+,0
785,GSM36984,negative,138,0,ER+,0
787,GSM36975,negative,110,0,ER+,0
789,GSM36988,negative,96,0,ER+,0
791,GSM36794,negative,87,0,ER+,0
793,GSM37009,negative,122,0,ER+,0
794,GSM37010,negative,101,0,ER+,0
795,GSM37012,negative,132,0,ER+,0
796,GSM37014,negative,143,0,ER+,0
797,GSM37015,negative,122,0,ER+,0
798,GSM36779,negative,132,0,ER+,0
804,GSM36844,negative,121,0,ER+,0
805,GSM36846,negative,103,0,ER-,0
806,GSM36847,negative,85,0,ER-,0
808,GSM36849,negative,110,0,ER+,0
809,GSM36852,negative,107,0,ER+,0
810,GSM36864,negative,84,0,ER+,0
813,GSM36865,negative,103,0,ER-,0
815,GSM36866,negative,107,0,ER+,0
817,GSM36867,negative,108,0,ER+,0
820,GSM36890,negative,116,0,ER+,0
833,GSM36912,negative,97,0,ER-,0
836,GSM36914,negative,84,0,ER+,0
839,GSM36915,negative,97,0,ER-,0
841,GSM36932,negative,96,0,ER+,0
843,GSM36933,negative,110,0,ER+,0
844,GSM36935,negative,114,0,ER-,0
845,GSM36936,negative,109,0,ER+,0
846,GSM36780,negative,84,0,ER-,0
847,GSM36810,negative,105,0,ER+,0
848,GSM36840,negative,86,0,ER+,0
849,GSM36883,negative,88,0,ER+,0
851,GSM36945,negative,92,0,ER+,0
852,GSM36995,negative,113,0,ER+,0
853,GSM37034,negative,88,0,ER-,0
855,GSM36795,negative,88,0,ER-,0
856,GSM36821,negative,88,0,ER+,0
857,GSM36863,negative,98,0,ER-,0
861,GSM37024,negative,95,0,ER+,0
862,GSM37048,negative,87,0,ER-,0
863,GSM36979,negative,107,0,ER+,0
864,GSM36981,negative,87,0,ER-,0
865,GSM36982,negative,92,0,ER+,0
866,GSM36983,negative,75,1,ER+,0
867,GSM36985,negative,55,1,ER+,0
868,GSM36986,negative,77,1,ER+,0
870,GSM37005,negative,56,1,ER+,0
871,GSM37006,negative,71,1,ER+,0
873,GSM37007,negative,59,1,ER+,0
874,GSM37008,negative,70,1,ER+,0
876,GSM37011,negative,60,1,ER+,0
877,GSM37013,negative,66,1,ER+,0
879,GSM37016,negative,108,0,ER-,0
883,GSM37032,negative,86,0,ER+,0
887,GSM37033,negative,161,0,ER+,0
890,GSM37043,negative,161,0,ER-,0
891,GSM37044,negative,112,0,ER+,0
894,GSM37045,negative,123,0,ER-,0
899,GSM37046,negative,86,0,ER+,0
900,GSM36887,negative,108,0,ER+,0
901,GSM36889,negative,108,0,ER+,0
903,GSM36892,negative,110,0,ER+,0
909,GSM36894,negative,109,0,ER+,0
913,GSM36911,negative,80,1,ER+,0
